Year,Refugees,Distance (Km)
100.0,100.0,100.0
2017.81,1007464.27,1255.4299440000002
2.6080489243722385,749735.3394023282,962.2865932746301
2012.0,338529.0,228.363
2016.0,580222.5,753.7882
2018.0,833370.0,893.7339
2020.0,1053714.5,1601.213
2021.0,3737369.0,4840.624
